{"r2_score": 0.2626373626373626, "rmse": 0.4246502900652006, "mae": 0.18032786885245902}