{"r2_score": 0.11428571428571421, "rmse": 0.43994134506405985, "mae": 0.1935483870967742}