{"r2_score": -0.18095238095238098, "rmse": 0.508000508000762, "mae": 0.25806451612903225}